type,center,touches,first_date,last_date,score
support,25438.92,6,2023-06-06,2023-09-06,60
resistance,12038.55,5,2018-01-28,2020-09-01,50
resistance,9957.76,5,2018-03-12,2020-06-11,50
support,6296.28,4,2018-06-13,2018-11-04,40
resistance,6809.72,4,2018-06-19,2018-09-28,40
support,8992.86,4,2019-10-31,2020-07-05,40
support,28703.22,4,2021-01-04,2023-08-07,40
support,46461.68,4,2021-02-15,2021-09-01,40
support,60108.04,4,2021-11-06,2026-02-06,40
resistance,71891.94,4,2024-03-27,2026-03-25,40
support,65077.19,4,2024-06-14,2026-03-29,40
resistance,4100.15,3,2017-09-19,2019-03-21,30
support,3546.06,3,2017-09-22,2019-01-22,30
resistance,7758.25,3,2017-11-08,2019-12-05,30
resistance,16967.91,3,2017-12-27,2022-12-27,30
support,9410.33,3,2018-01-17,2019-08-29,30
resistance,9151.54,3,2018-02-10,2020-03-06,30
support,6540.81,3,2018-04-01,2020-04-16,30
resistance,9529.89,3,2018-04-29,2020-01-30,30
support,6448.79,3,2018-10-03,2018-10-25,30
resistance,10186.19,3,2019-07-27,2020-06-01,30
support,9254.25,3,2019-07-28,2020-06-20,30
resistance,10930.38,3,2019-08-20,2020-09-28,30
support,7901.19,3,2019-09-26,2019-10-18,30
support,9106.59,3,2020-02-04,2020-07-16,30
support,11201.55,3,2020-08-11,2020-10-16,30
support,16385.88,3,2020-11-26,2022-12-30,30
resistance,24191.23,3,2020-12-20,2023-02-02,30
support,28927.1,3,2021-01-22,2023-07-24,30
support,29367.93,3,2021-01-27,2022-06-03,30
support,53614.06,3,2021-03-16,2024-07-05,30
resistance,64854.28,3,2021-04-14,2024-08-25,30
resistance,52872.96,3,2021-09-07,2024-02-20,30
resistance,63806.56,3,2021-10-25,2024-07-01,30
support,59741.79,3,2021-11-01,2024-10-03,30
resistance,68642.46,3,2021-11-10,2026-02-21,30
resistance,31385.93,3,2022-05-15,2023-07-06,30
support,18715.03,3,2022-06-30,2022-10-21,30
resistance,25132.19,3,2022-08-15,2023-02-21,30
resistance,29978.62,3,2023-04-26,2023-08-02,30
support,25926.83,3,2023-05-12,2023-09-25,30
resistance,27443.49,3,2023-05-23,2023-09-19,30
resistance,99679.35,3,2024-11-22,2025-02-21,30
support,91078.18,3,2024-11-26,2025-02-03,30
resistance,94802.36,3,2025-03-02,2026-01-05,30
resistance,110615.7,3,2025-05-27,2025-07-03,30
resistance,90413.46,3,2025-12-22,2026-01-28,30
support,65667.29,3,2026-02-19,2026-04-02,30
resistance,78137.37,3,2026-04-17,2026-05-26,30
resistance,2767.86,2,2017-05-25,2017-06-21,20
resistance,2998.58,2,2017-06-06,2017-06-12,20
resistance,2918.74,2,2017-07-07,2017-08-01,20
resistance,2899.07,2,2017-07-20,2017-07-28,20
resistance,4477.47,2,2017-08-17,2017-10-02,20
support,4001.63,2,2017-09-05,2019-03-21,20
support,9182.59,2,2017-11-30,2019-07-17,20
resistance,18335.97,2,2017-12-08,2022-12-14,20
resistance,13116.26,2,2018-01-20,2019-07-10,20
resistance,11930.42,2,2018-02-20,2020-08-06,20
resistance,11701.28,2,2018-03-05,2020-10-12,20
support,8492.12,2,2018-03-09,2020-03-01,20
support,7397.5,2,2018-03-18,2018-06-05,20
resistance,7522.44,2,2018-04-03,2019-12-29,20
resistance,8383.94,2,2018-04-16,2020-01-08,20
support,8723.38,2,2018-04-26,2020-05-25,20
support,5831.08,2,2018-06-24,2018-06-29,20
resistance,6889.21,2,2018-07-08,2020-03-25,20
resistance,6606.73,2,2018-08-18,2018-09-14,20
support,6202.93,2,2018-09-08,2018-09-19,20
resistance,6549.65,2,2018-11-01,2018-11-07,20
resistance,3955.87,2,2018-12-29,2019-01-02,20
support,3395.92,2,2019-01-29,2019-02-08,20
resistance,8308.76,2,2019-05-16,2019-10-21,20
support,7548.84,2,2019-05-23,2019-06-04,20
support,9841.58,2,2019-08-22,2019-09-19,20
support,7180.43,2,2019-12-04,2019-12-27,20
resistance,9445.49,2,2020-04-30,2020-07-08,20
resistance,19867.56,2,2020-12-01,2022-10-14,20
support,30615.55,2,2021-01-11,2021-05-19,20
resistance,39934.68,2,2021-01-14,2022-05-04,20
resistance,38410.8,2,2021-01-29,2023-11-24,20
support,43263.41,2,2021-02-28,2021-09-07,20
support,52899.29,2,2021-04-18,2021-05-05,20
resistance,59043.36,2,2021-05-03,2021-11-30,20
resistance,59443.66,2,2021-05-10,2021-11-25,20
support,31170.89,2,2021-05-23,2021-06-08,20
resistance,40747.98,2,2021-05-26,2022-04-26,20
resistance,35928.71,2,2021-07-04,2023-11-02,20
resistance,42503.68,2,2021-08-01,2022-03-09,20
resistance,48092.76,2,2021-08-14,2022-03-28,20
resistance,48880.58,2,2021-09-18,2024-01-11,20
support,39792.09,2,2021-09-21,2022-01-10,20
resistance,45079.04,2,2021-09-24,2022-03-02,20
support,40821.6,2,2021-09-29,2024-01-03,20
resistance,62715.45,2,2021-10-15,2024-08-08,20
resistance,67082.18,2,2021-10-20,2024-04-22,20
resistance,64343.25,2,2021-11-02,2024-10-07,20
support,62443.55,2,2021-11-12,2026-02-24,20
resistance,66381.13,2,2021-11-15,2024-09-27,20
support,45857.4,2,2021-12-13,2021-12-31,20
resistance,44323.19,2,2022-01-13,2023-12-22,20
resistance,43489.65,2,2022-01-20,2024-01-16,20
resistance,44686.37,2,2022-02-15,2023-12-08,20
support,34502.52,2,2022-02-24,2023-11-07,20
support,38609.04,2,2022-04-18,2024-01-23,20
support,26382.8,2,2022-05-12,2023-05-18,20
resistance,31753.9,2,2022-06-06,2023-07-13,20
resistance,21794.32,2,2022-06-26,2022-08-26,20
support,20816.77,2,2022-07-26,2022-08-20,20
support,22816.54,2,2022-08-10,2023-02-25,20
support,19614.52,2,2022-08-29,2023-03-10,20
support,18305.07,2,2022-09-21,2022-10-13,20
resistance,20373.42,2,2022-09-27,2022-10-06,20
resistance,17239.02,2,2022-12-01,2022-12-09,20
resistance,23900.26,2,2023-01-29,2023-03-01,20
resistance,28771.29,2,2023-03-22,2023-04-05,20
support,26582.5,2,2023-03-27,2023-10-12,20
support,27246.14,2,2023-04-03,2023-10-06,20
resistance,28463.25,2,2023-05-29,2023-10-02,20
support,29578.35,2,2023-06-30,2023-07-18,20
resistance,37945.58,2,2023-11-09,2023-11-15,20
resistance,43821.86,2,2023-12-28,2024-01-30,20
resistance,73663.64,2,2024-03-14,2024-10-29,20
support,60863.45,2,2024-03-20,2024-04-13,20
resistance,70768.59,2,2024-05-27,2026-02-15,20
support,66718.54,2,2024-05-31,2024-11-04,20
resistance,69970.54,2,2024-07-29,2026-02-25,20
resistance,69346.55,2,2024-10-21,2026-04-01,20
resistance,93201.72,2,2024-11-13,2025-11-28,20
resistance,98756.32,2,2024-11-29,2025-02-14,20
support,92086.98,2,2024-12-05,2024-12-20,20
support,94211.23,2,2024-12-10,2025-02-12,20
support,89246.99,2,2025-01-13,2026-01-08,20
resistance,109015.13,2,2025-01-20,2025-06-16,20
resistance,106616.17,2,2025-01-30,2025-06-03,20
support,93394.35,2,2025-02-18,2025-05-06,20
support,81354.62,2,2025-03-04,2025-03-18,20
resistance,88612.84,2,2025-03-24,2025-04-02,20
support,74345.96,2,2025-04-07,2026-05-23,20
resistance,97883.25,2,2025-05-02,2026-01-14,20
support,100625.64,2,2025-05-12,2025-06-05,20
support,106530.03,2,2025-05-25,2025-10-30,20
support,102979.07,2,2025-05-31,2025-06-13,20
support,107385.37,2,2025-07-08,2025-09-01,20
resistance,120044.88,2,2025-07-22,2025-07-28,20
support,114610.44,2,2025-07-25,2025-09-15,20
resistance,117644.59,2,2025-08-22,2025-09-18,20
resistance,116521.35,2,2025-09-12,2025-10-27,20
support,86207.75,2,2025-12-24,2026-01-25,20
resistance,79478.09,2,2026-04-22,2026-04-27,20
resistance,82611.19,2,2026-05-06,2026-05-10,20
resistance,1191.1,1,2017-01-05,2017-01-05,10
support,823.56,1,2017-01-07,2017-01-07,10
support,755.76,1,2017-01-12,2017-01-12,10
resistance,937.53,1,2017-01-22,2017-01-22,10
support,891.69,1,2017-01-25,2017-01-25,10
resistance,1088.99,1,2017-02-09,2017-02-09,10
support,946.69,1,2017-02-10,2017-02-10,10
resistance,1200.39,1,2017-02-24,2017-02-24,10
resistance,1280.31,1,2017-03-03,2017-03-03,10
support,1077.25,1,2017-03-10,2017-03-10,10
resistance,1257.98,1,2017-03-16,2017-03-16,10
support,957.66,1,2017-03-18,2017-03-18,10
resistance,1122.43,1,2017-03-21,2017-03-21,10
support,903.71,1,2017-03-25,2017-03-25,10
resistance,1208.07,1,2017-04-11,2017-04-11,10
support,1156.44,1,2017-04-13,2017-04-13,10
resistance,1240.79,1,2017-04-20,2017-04-20,10
support,1203.94,1,2017-04-23,2017-04-23,10
resistance,1873.93,1,2017-05-11,2017-05-11,10
support,1651.08,1,2017-05-13,2017-05-13,10
support,1661.91,1,2017-05-17,2017-05-17,10
support,1855.83,1,2017-05-27,2017-05-27,10
support,2212.96,1,2017-06-15,2017-06-15,10
support,2332.99,1,2017-06-27,2017-06-27,10
support,2394.84,1,2017-07-02,2017-07-02,10
support,1843.03,1,2017-07-16,2017-07-16,10
support,2450.8,1,2017-07-26,2017-07-26,10
support,3674.58,1,2017-08-22,2017-08-22,10
resistance,4455.7,1,2017-08-25,2017-08-25,10
support,4224.64,1,2017-08-28,2017-08-28,10
resistance,4975.04,1,2017-09-02,2017-09-02,10
resistance,4661.0,1,2017-09-08,2017-09-08,10
resistance,4344.65,1,2017-09-12,2017-09-12,10
support,2946.62,1,2017-09-15,2017-09-15,10
support,4164.05,1,2017-10-05,2017-10-05,10
resistance,5852.48,1,2017-10-15,2017-10-15,10
support,5151.44,1,2017-10-18,2017-10-18,10
resistance,6194.88,1,2017-10-21,2017-10-21,10
support,5397.88,1,2017-10-25,2017-10-25,10
support,5519.01,1,2017-11-12,2017-11-12,10
resistance,11517.4,1,2017-11-29,2017-11-29,10
support,13226.6,1,2017-12-10,2017-12-10,10
resistance,20089.0,1,2017-12-17,2017-12-17,10
support,11833.0,1,2017-12-22,2017-12-22,10
support,12350.1,1,2017-12-30,2017-12-30,10
resistance,17712.4,1,2018-01-06,2018-01-06,10
support,13105.9,1,2018-01-11,2018-01-11,10
support,10129.7,1,2018-01-23,2018-01-23,10
support,6048.26,1,2018-02-06,2018-02-06,10
resistance,9177.37,1,2018-03-21,2018-03-21,10
support,6575.0,1,2018-04-06,2018-04-06,10
resistance,9745.32,1,2018-04-25,2018-04-25,10
support,8891.05,1,2018-05-01,2018-05-01,10
support,8223.5,1,2018-05-12,2018-05-12,10
support,7974.82,1,2018-05-18,2018-05-18,10
resistance,8562.41,1,2018-05-20,2018-05-20,10
support,7090.68,1,2018-05-29,2018-05-29,10
support,6136.42,1,2018-07-12,2018-07-12,10
support,7262.41,1,2018-07-21,2018-07-21,10
resistance,8424.27,1,2018-07-24,2018-07-24,10
support,5971.05,1,2018-08-14,2018-08-14,10
resistance,7388.43,1,2018-09-05,2018-09-05,10
support,6381.86,1,2018-09-25,2018-09-25,10
resistance,6675.06,1,2018-10-08,2018-10-08,10
support,6236.47,1,2018-10-12,2018-10-12,10
resistance,6965.06,1,2018-10-15,2018-10-15,10
support,5358.38,1,2018-11-15,2018-11-15,10
support,3585.06,1,2018-11-25,2018-11-25,10
resistance,4413.02,1,2018-11-29,2018-11-29,10
support,3280.23,1,2018-12-07,2018-12-07,10
support,3191.3,1,2018-12-15,2018-12-15,10
resistance,4271.79,1,2018-12-24,2018-12-24,10
support,3642.63,1,2018-12-28,2018-12-28,10
support,3707.23,1,2019-01-01,2019-01-01,10
resistance,3727.84,1,2019-01-14,2019-01-14,10
resistance,3758.53,1,2019-01-19,2019-01-19,10
resistance,3654.93,1,2019-01-26,2019-01-26,10
resistance,3523.29,1,2019-02-02,2019-02-02,10
resistance,3695.61,1,2019-02-08,2019-02-08,10
support,3607.7,1,2019-02-14,2019-02-14,10
resistance,4010.88,1,2019-02-19,2019-02-19,10
resistance,4210.64,1,2019-02-24,2019-02-24,10
support,3787.06,1,2019-02-27,2019-02-27,10
resistance,3907.8,1,2019-03-01,2019-03-01,10
support,3733.75,1,2019-03-04,2019-03-04,10
resistance,3987.24,1,2019-03-09,2019-03-09,10
support,3863.56,1,2019-03-12,2019-03-12,10
support,3934.03,1,2019-03-25,2019-03-25,10
resistance,5307.0,1,2019-04-03,2019-04-03,10
resistance,5421.65,1,2019-04-10,2019-04-10,10
support,4955.85,1,2019-04-12,2019-04-12,10
resistance,5642.04,1,2019-04-24,2019-04-24,10
support,5177.37,1,2019-04-26,2019-04-26,10
support,7038.12,1,2019-05-17,2019-05-17,10
resistance,9008.31,1,2019-05-30,2019-05-30,10
support,8172.55,1,2019-05-31,2019-05-31,10
resistance,13796.49,1,2019-06-26,2019-06-26,10
support,10491.85,1,2019-06-27,2019-06-27,10
support,9737.88,1,2019-07-02,2019-07-02,10
resistance,11048.66,1,2019-07-20,2019-07-20,10
resistance,12273.82,1,2019-08-06,2019-08-06,10
support,9675.32,1,2019-08-15,2019-08-15,10
resistance,10512.33,1,2019-08-26,2019-08-26,10
support,9980.78,1,2019-09-11,2019-09-11,10
support,7830.76,1,2019-09-30,2019-09-30,10
resistance,8497.69,1,2019-10-01,2019-10-01,10
resistance,8721.78,1,2019-10-11,2019-10-11,10
support,7446.99,1,2019-10-24,2019-10-24,10
resistance,10021.74,1,2019-10-26,2019-10-26,10
support,6617.17,1,2019-11-25,2019-11-25,10
resistance,7836.1,1,2019-11-30,2019-11-30,10
resistance,7656.18,1,2019-12-23,2019-12-23,10
support,6915.0,1,2020-01-03,2020-01-03,10
support,7726.77,1,2020-01-10,2020-01-10,10
support,8266.84,1,2020-01-24,2020-01-24,10
resistance,10457.63,1,2020-02-13,2020-02-13,10
support,9507.64,1,2020-02-17,2020-02-17,10
support,4106.98,1,2020-03-13,2020-03-13,10
resistance,6844.26,1,2020-03-20,2020-03-20,10
support,5785.0,1,2020-03-23,2020-03-23,10
support,5903.23,1,2020-03-30,2020-03-30,10
resistance,7088.25,1,2020-04-02,2020-04-02,10
resistance,7427.94,1,2020-04-07,2020-04-07,10
resistance,7280.52,1,2020-04-19,2020-04-19,10
support,6834.44,1,2020-04-21,2020-04-21,10
support,8645.02,1,2020-05-04,2020-05-04,10
support,8374.32,1,2020-05-11,2020-05-11,10
resistance,9906.03,1,2020-05-18,2020-05-18,10
support,9458.15,1,2020-06-07,2020-06-07,10
resistance,9579.43,1,2020-06-16,2020-06-16,10
resistance,9680.37,1,2020-06-24,2020-06-24,10
resistance,9309.75,1,2020-07-01,2020-07-01,10
resistance,12359.06,1,2020-08-17,2020-08-17,10
support,9916.49,1,2020-09-07,2020-09-07,10
resistance,11134.09,1,2020-09-19,2020-09-19,10
support,10197.87,1,2020-09-23,2020-09-23,10
support,10416.69,1,2020-10-02,2020-10-02,10
resistance,13184.57,1,2020-10-21,2020-10-21,10
resistance,14028.21,1,2020-10-31,2020-10-31,10
resistance,15903.44,1,2020-11-06,2020-11-06,10
resistance,19390.96,1,2020-11-25,2020-11-25,10
support,17619.53,1,2020-12-11,2020-12-11,10
support,22159.37,1,2020-12-21,2020-12-21,10
resistance,41946.74,1,2021-01-08,2021-01-08,10
resistance,34802.74,1,2021-01-25,2021-01-25,10
resistance,58330.57,1,2021-02-21,2021-02-21,10
resistance,52535.14,1,2021-03-03,2021-03-03,10
resistance,61683.86,1,2021-03-13,2021-03-13,10
support,50856.57,1,2021-03-25,2021-03-25,10
resistance,60267.19,1,2021-04-02,2021-04-02,10
support,55604.02,1,2021-04-07,2021-04-07,10
support,47159.48,1,2021-04-25,2021-04-25,10
support,33520.74,1,2021-05-30,2021-05-30,10
resistance,39478.95,1,2021-06-03,2021-06-03,10
resistance,41295.27,1,2021-06-15,2021-06-15,10
resistance,35487.25,1,2021-06-25,2021-06-25,10
support,30184.5,1,2021-06-26,2021-06-26,10
resistance,36542.11,1,2021-06-29,2021-06-29,10
support,32770.68,1,2021-07-02,2021-07-02,10
support,32133.18,1,2021-07-08,2021-07-08,10
resistance,34592.16,1,2021-07-12,2021-07-12,10
support,37458.0,1,2021-08-05,2021-08-05,10
support,43998.32,1,2021-08-19,2021-08-19,10
resistance,50482.08,1,2021-08-23,2021-08-23,10
resistance,49644.11,1,2021-08-29,2021-08-29,10
support,43591.32,1,2021-09-13,2021-09-13,10
support,58206.92,1,2021-10-28,2021-10-28,10
support,42874.62,1,2021-12-04,2021-12-04,10
support,45579.81,1,2021-12-20,2021-12-20,10
resistance,51956.33,1,2021-12-27,2021-12-27,10
support,33184.06,1,2022-01-24,2022-01-24,10
resistance,38825.41,1,2022-01-26,2022-01-26,10
support,36375.54,1,2022-02-03,2022-02-03,10
resistance,45661.17,1,2022-02-10,2022-02-10,10
support,37260.2,1,2022-03-07,2022-03-07,10
support,37680.73,1,2022-03-14,2022-03-14,10
support,44403.14,1,2022-04-01,2022-04-01,10
support,39373.06,1,2022-04-11,2022-04-11,10
resistance,42893.58,1,2022-04-21,2022-04-21,10
support,37884.98,1,2022-04-26,2022-04-26,10
support,28261.91,1,2022-05-26,2022-05-26,10
resistance,32249.86,1,2022-05-31,2022-05-31,10
support,17708.62,1,2022-06-18,2022-06-18,10
resistance,21620.63,1,2022-06-21,2022-06-21,10
resistance,22314.94,1,2022-07-08,2022-07-08,10
support,18999.95,1,2022-07-13,2022-07-13,10
resistance,24572.58,1,2022-07-30,2022-07-30,10
support,22485.7,1,2022-08-04,2022-08-04,10
resistance,20542.64,1,2022-08-30,2022-08-30,10
resistance,22673.82,1,2022-09-13,2022-09-13,10
support,18553.3,1,2022-09-28,2022-09-28,10
resistance,19666.99,1,2022-10-18,2022-10-18,10
resistance,20988.39,1,2022-10-29,2022-10-29,10
support,20086.24,1,2022-11-03,2022-11-03,10
resistance,21446.89,1,2022-11-05,2022-11-05,10
support,15682.69,1,2022-11-09,2022-11-09,10
support,15872.94,1,2022-11-14,2022-11-14,10
support,15599.05,1,2022-11-21,2022-11-21,10
resistance,16771.47,1,2022-11-24,2022-11-24,10
support,16054.53,1,2022-11-28,2022-11-28,10
resistance,17378.15,1,2022-12-05,2022-12-05,10
support,16750.56,1,2022-12-07,2022-12-07,10
support,16899.39,1,2022-12-12,2022-12-12,10
support,20541.54,1,2023-01-18,2023-01-18,10
resistance,23282.35,1,2023-01-21,2023-01-21,10
resistance,23722.1,1,2023-01-25,2023-01-25,10
support,21460.09,1,2023-02-13,2023-02-13,10
support,26760.0,1,2023-03-22,2023-03-22,10
resistance,29159.9,1,2023-03-30,2023-03-30,10
resistance,31005.61,1,2023-04-14,2023-04-14,10
support,27070.85,1,2023-04-24,2023-04-24,10
support,27680.79,1,2023-05-01,2023-05-01,10
resistance,29820.13,1,2023-05-06,2023-05-06,10
resistance,27646.35,1,2023-05-15,2023-05-15,10
support,24797.17,1,2023-06-15,2023-06-15,10
support,29777.29,1,2023-07-07,2023-07-07,10
resistance,30330.64,1,2023-07-23,2023-07-23,10
resistance,30176.8,1,2023-08-08,2023-08-08,10
resistance,29660.25,1,2023-08-14,2023-08-14,10
resistance,26786.9,1,2023-08-23,2023-08-23,10
resistance,28089.34,1,2023-08-29,2023-08-29,10
resistance,26414.01,1,2023-09-08,2023-09-08,10
support,24930.3,1,2023-09-11,2023-09-11,10
resistance,28252.54,1,2023-10-06,2023-10-06,10
resistance,29448.14,1,2023-10-16,2023-10-16,10
resistance,35150.43,1,2023-10-24,2023-10-24,10
support,34948.5,1,2023-11-14,2023-11-14,10
support,35670.97,1,2023-11-22,2023-11-22,10
support,36750.13,1,2023-11-27,2023-11-27,10
support,40234.58,1,2023-12-11,2023-12-11,10
support,40530.26,1,2023-12-18,2023-12-18,10
support,41424.06,1,2023-12-29,2023-12-29,10
resistance,45899.71,1,2024-01-02,2024-01-02,10
support,42264.82,1,2024-02-05,2024-02-05,10
support,50561.78,1,2024-02-23,2024-02-23,10
support,59323.91,1,2024-03-05,2024-03-05,10
support,64559.9,1,2024-04-03,2024-04-03,10
resistance,72715.36,1,2024-04-08,2024-04-08,10
support,56555.29,1,2024-05-01,2024-05-01,10
resistance,65494.9,1,2024-05-06,2024-05-06,10
support,68507.26,1,2024-06-07,2024-06-07,10
support,58601.7,1,2024-06-24,2024-06-24,10
support,63473.47,1,2024-07-25,2024-07-25,10
support,49121.24,1,2024-08-05,2024-08-05,10
support,56161.59,1,2024-08-15,2024-08-15,10
resistance,59815.06,1,2024-09-03,2024-09-03,10
support,52598.7,1,2024-09-06,2024-09-06,10
support,57501.34,1,2024-09-16,2024-09-16,10
support,58895.21,1,2024-10-10,2024-10-10,10
resistance,103900.47,1,2024-12-05,2024-12-05,10
resistance,108268.45,1,2024-12-17,2024-12-17,10
support,91317.13,1,2024-12-30,2024-12-30,10
resistance,102712.48,1,2025-01-07,2025-01-07,10
support,99471.36,1,2025-01-20,2025-01-20,10
support,97795.94,1,2025-01-27,2025-01-27,10
support,78248.91,1,2025-02-28,2025-02-28,10
support,76624.25,1,2025-03-11,2025-03-11,10
resistance,85263.29,1,2025-03-14,2025-03-14,10
resistance,87443.27,1,2025-03-20,2025-03-20,10
resistance,86429.35,1,2025-04-15,2025-04-15,10
resistance,95768.39,1,2025-04-25,2025-04-25,10
support,92860.8,1,2025-04-28,2025-04-28,10
resistance,105747.45,1,2025-05-12,2025-05-12,10
support,102112.69,1,2025-05-19,2025-05-19,10
resistance,111970.17,1,2025-05-22,2025-05-22,10
support,98286.2,1,2025-06-22,2025-06-22,10
support,105157.4,1,2025-07-02,2025-07-02,10
resistance,123091.61,1,2025-07-14,2025-07-14,10
support,115765.69,1,2025-07-15,2025-07-15,10
support,111943.8,1,2025-08-03,2025-08-03,10
resistance,124457.12,1,2025-08-14,2025-08-14,10
resistance,113357.49,1,2025-09-05,2025-09-05,10
support,108713.4,1,2025-09-25,2025-09-25,10
resistance,126198.07,1,2025-10-06,2025-10-06,10
support,104582.41,1,2025-10-10,2025-10-10,10
support,103598.43,1,2025-10-17,2025-10-17,10
resistance,113996.34,1,2025-10-21,2025-10-21,10
support,98962.06,1,2025-11-04,2025-11-04,10
resistance,107428.26,1,2025-11-11,2025-11-11,10
support,80659.81,1,2025-11-21,2025-11-21,10
support,83862.25,1,2025-12-01,2025-12-01,10
resistance,94060.77,1,2025-12-03,2025-12-03,10
support,87799.56,1,2025-12-07,2025-12-07,10
support,84436.31,1,2025-12-18,2025-12-18,10
support,87231.57,1,2026-01-21,2026-01-21,10
support,63062.22,1,2026-02-28,2026-02-28,10
resistance,74051.8,1,2026-03-04,2026-03-04,10
resistance,75988.4,1,2026-03-17,2026-03-17,10
support,67372.88,1,2026-03-22,2026-03-22,10
support,73775.57,1,2026-04-20,2026-04-20,10
support,74958.57,1,2026-04-29,2026-04-29,10
support,79205.52,1,2026-05-08,2026-05-08,10
support,76029.23,1,2026-05-18,2026-05-18,10
